0;Mr;Mallet;Yassine
1;Mr;Valentin;Matthias
2;Mr;Blanc;Guillaume
3;Mr;Delorme;Tristan
4;Mr;Ferreira;Ugo
5;Mm;Riou;Jonathan
6;Mm;Le gall;Simon
7;Mr;Mallet;Florian
8;Mr;Rey;Dylan
9;Mm;Deschamps;Ilyes
10;Mr;Chauvin;Yannis
11;Mm;Lemoine;Kilian
12;Mr;Guerin;Bilal
13;Mr;Riviere;Noah
14;Mm;Courtois;Yanis
15;Mr;Gay;Francois
16;Mr;Lopez;Noe
17;Mm;Fleury;Nathan
18;Mr;Lenoir;Jordan
19;Mm;Delattre;Kilian
20;Mm;Marchal;Florent
21;Mr;Dumas;Noa
22;Mr;Jacquot;Arnaud
23;Mr;Pelletier;Lucas
24;Mm;Joly;Luca
25;Mr;Leroy;Loic
26;Mr;Devaux;Yassine
27;Mm;Morvan;Gaspard
28;Mr;Launay;Mateo
29;Mm;Lamy;Tristan
30;Mm;Descamps;Kilian
31;Mm;Marques;Vincent
32;Mm;Le roux;Alan
33;Mr;Dupont;Mathias
34;Mr;Maillard;Morgan
35;Mr;Regnier;Aurelien
36;Mr;Humbert;Jules
37;Mm;Muller;Leo
38;Mr;Bousquet;Mathias
39;Mr;Riou;William
40;Mm;Marechal;Bilal
41;Mr;Fernandes;Nolan
42;Mr;Da silva;Teo
43;Mm;Legendre;Charles
44;Mr;Lemaire;Sacha
45;Mm;Dufour;Tony
46;Mr;Meyer;Bryan
47;Mm;Barbier;Matteo
48;Mr;Boucher;Mehdi
49;Mm;Camus;Adam
